﻿개방서비스명,개방서비스아이디,사업장명,좌표정보(x),좌표정보(y),업태구분명,소분류
대형마트,08_25_01_P,(주)홈플러스 칠곡점,340320.722709596,272735.675659876,대형마트,홈플러스
대형마트,08_25_01_P,신세계이마트 칠성점,343510.573192364,266134.259920881,대형마트,이마트
대형마트,08_25_01_P,(주)이마트 칠성점,343510.573192364,266134.259920881,대형마트,이마트
대형마트,08_25_01_P,홈플러스(주) 문화점,236541.282086201,313349.96682002,대형마트,홈플러스
대형마트,08_25_01_P,롯데쇼핑(주)롯데마트화명점,383175.025396512,194733.01249893,대형마트,롯데마트
대형마트,08_25_01_P,홈플러스(주)서부산점,380128.339808992,186803.363627799,대형마트,홈플러스
대형마트,08_25_01_P,롯데쇼핑(주)롯데마트사상점,379352.805619145,182712.079140728,대형마트,롯데마트
대형마트,08_25_01_P,홈플러스(주) 안동점,354764.104994681,341554.03301387,대형마트,홈플러스
대형마트,08_25_01_P,(주)이마트 안동점,352071.498057006,341053.155066362,대형마트,이마트
대형마트,08_25_01_P,롯데마트 울산점,409970.39080848,228450.864733161,대형마트,롯데마트
대형마트,08_25_01_P,홈플러스테스코(주)울산북구점,412349.300490111,239222.450142668,대형마트,홈플러스
대형마트,08_25_01_P,홈플러스 주식회사 울산남구점,410624.959296763,227668.041604165,대형마트,홈플러스
대형마트,08_25_01_P,(주)신세계이마트울산점,412914.802999794,229015.430064688,대형마트,이마트
대형마트,08_25_01_P,홈플러스 주식회사 전주완산점,213487.497985724,258187.996076138,대형마트,홈플러스
대형마트,08_25_01_P,롯데쇼핑(주) 롯데마트 전주점,209193.584320494,257365.921223342,대형마트,롯데마트
대형마트,08_25_01_P,홈플러스 주식회사 전주점,213740.884762631,260828.803055357,대형마트,홈플러스
대형마트,08_25_01_P,(주)이마트 전주점,210795.594377656,259168.919302767,대형마트,이마트
대형마트,08_25_01_P,홈플러스(주) 전주효자점,210232.852798594,256286.73889888,대형마트,홈플러스
대형마트,08_25_01_P,이마트 펜타포트점,208976.4764518,366326.634370741,대형마트,이마트
대형마트,08_25_01_P,롯데쇼핑(주)롯데마트천안점,210350.365980618,366539.832359485,대형마트,롯데마트
대형마트,08_25_01_P,이마트 천안점,211285.641300884,366082.226799409,대형마트,이마트
대형마트,08_25_01_P,롯데쇼핑(주)롯데마트성정점,212419.103451336,369433.656719309,대형마트,롯데마트
대형마트,08_25_01_P,홈플러스 천안점,214695.358784324,366435.793995253,대형마트,홈플러스
대형마트,08_25_01_P,이마트  천안터미널점,213910.850637373,368774.087611534,대형마트,이마트
대형마트,08_25_01_P,이마트 서북점,210827.459637775,370795.653061274,대형마트,이마트
대형마트,08_25_01_P,롯데쇼핑(주)롯데마트 홍성점,170963.816189316,344485.565134627,대형마트,롯데마트
대형마트,08_25_01_P,홈플러스 주식회사(계룡점),223032.827784192,308171.543487808,대형마트,홈플러스
대형마트,08_25_01_P,이마트 하남점,218076.91973786,450073.163619109,대형마트,이마트
대형마트,08_25_01_P,(주)이마트평촌점,196752.332727486,432521.042909087,대형마트,이마트
대형마트,08_25_01_P,롯데쇼핑(주)롯데마트 경기양평점,244381.267486222,443145.649076961,대형마트,롯데마트
대형마트,08_25_01_P,(주)이마트 포천점,214023.590086578,482831.746228286,대형마트,이마트
대형마트,08_25_01_P,홈플러스의정부점,206192.090833323,472186.18249487,대형마트,홈플러스
대형마트,08_25_01_P,이마트 의정부점,208951.542114843,471192.156816017,대형마트,이마트
대형마트,08_25_01_P,(주)이마트 죽전점,209673.343954233,424823.677745145,대형마트,이마트
대형마트,08_25_01_P,홈플러스(주)오산점,205417.553946702,407590.511508128,대형마트,홈플러스
대형마트,08_25_01_P,(주)이마트 용인점,216717.733040208,414404.502750642,대형마트,이마트
대형마트,08_25_01_P,롯데마트 터미널점,201341.191554264,364818.034415495,대형마트,롯데마트
대형마트,08_25_01_P,홈플러스 주식회사 동촌점,349426.805402323,266377.854783573,대형마트,홈플러스
대형마트,08_25_01_P,(주)이마트 반야월점,355939.362329351,264777.243597576,대형마트,이마트
대형마트,08_25_01_P,(주)이마트 월배점,337647.188646821,258512.316695219,대형마트,이마트
대형마트,08_25_01_P,(주)이마트 성서점,336343.945542934,262554.743800908,대형마트,이마트
대형마트,08_25_01_P,홈플러스(주) 성서점,337916.079938251,262111.061697986,대형마트,홈플러스
대형마트,08_25_01_P,홈플러스(주)  상인점,338508.039690504,258645.860959228,대형마트,홈플러스
대형마트,08_25_01_P,(주)이마트 만촌점,347757.985568431,264692.744180043,대형마트,이마트
대형마트,08_25_01_P,홈플러스 대구 수성점,346586.097961164,261066.09520777,대형마트,홈플러스
대형마트,08_25_01_P,롯데쇼핑(주) 롯데마트 서대전점,228962.548245134,311265.617953081,대형마트,롯데마트
대형마트,08_25_01_P,홈플러스(주)유성점,231731.951925609,317572.617410814,대형마트,홈플러스
대형마트,08_25_01_P,롯데쇼핑(주)롯데마트 대덕테크노밸리점,234616.595769579,325170.14934764,대형마트,롯데마트
대형마트,08_25_01_P,홈플러스(주)서대전점,228575.260565526,312601.12043091,대형마트,홈플러스
대형마트,08_25_01_P,롯데쇼핑(주)롯데마트 노은점,228791.561904026,320417.927035738,대형마트,롯데마트
대형마트,08_25_01_P,(주)이마트 연제점,389532.511756755,188309.453546847,대형마트,이마트
대형마트,08_25_01_P,홈플러스 주식회사 아시아드점,387686.194940483,189911.430545728,대형마트,홈플러스
대형마트,08_25_01_P,홈플러스(주) 김해점,370158.843415118,195217.779643226,대형마트,홈플러스
대형마트,08_25_01_P,롯데쇼핑(주) 롯데마트장유점,363984.907414338,189687.574572712,대형마트,롯데마트
대형마트,08_25_01_P,롯데쇼핑(주) 롯데마트 김해점,371275.452046503,193430.416033372,대형마트,롯데마트
대형마트,08_25_01_P,홈플러스(주) 김제점,191146.883710671,255517.370352134,대형마트,홈플러스
대형마트,08_25_01_P,(주)이마트군산점,176003.990213014,275855.723670155,대형마트,이마트
대형마트,08_25_01_P,롯데쇼핑(주) 롯데마트 의왕점,197598.213989563,430907.769943711,대형마트,롯데마트
대형마트,08_25_01_P,이마트의왕점,197590.089971229,427590.743059589,대형마트,이마트
대형마트,08_25_01_P,홈플러스(주) 경기하남점,218722.326285059,448437.965903226,대형마트,홈플러스
대형마트,08_25_01_P,홈플러스(주)춘천점,264597.191878957,483368.29049207,대형마트,홈플러스
대형마트,08_25_01_P,롯데쇼핑(주)롯데마트 석사점,266737.880921009,485159.020559127,대형마트,롯데마트
대형마트,08_25_01_P,(주)이마트 춘천점,263141.943193102,484821.289677657,대형마트,이마트
대형마트,08_25_01_P,홈플러스(주)삼척점,391815.78579528,440452.323948572,대형마트,홈플러스
대형마트,08_25_01_P,삼성테스코(주)홈플러스삼척점,391815.78579528,440452.323948572,대형마트,홈플러스
대형마트,08_25_01_P,(주)이마트강릉점,369334.629080122,475954.381315576,대형마트,이마트
대형마트,08_25_01_P,롯데마트 광복점,385590.814676765,179553.867031936,대형마트,롯데마트
대형마트,08_25_01_P,홈플러스(주) 영도점,386335.80960303,179336.483175733,대형마트,홈플러스
대형마트,08_25_01_P,(주)이마트영천점,372336.077241114,274785.0162073,대형마트,이마트
대형마트,08_25_01_P,롯데쇼핑(주)롯데마트통영점,330528.677424652,152263.189898881,대형마트,롯데마트
대형마트,08_25_01_P,(주) 이마트 통영점,329522.977138462,155160.704055243,대형마트,이마트
대형마트,08_25_01_P,롯데쇼핑(주) 롯데마트 정읍점,185466.212511596,231110.263474669,대형마트,롯데마트
대형마트,08_25_01_P,이마트 남원점,233973.177377479,212076.444622392,대형마트,이마트
대형마트,08_25_01_P,롯데쇼핑(주) 롯데마트 남원점,235597.223811364,213824.78339516,대형마트,롯데마트
대형마트,08_25_01_P,홈플러스(주) 서귀포점,158926.90550064,-26074.3935350279,대형마트,홈플러스
대형마트,08_25_01_P,(주)이마트 서귀포점,154149.891505173,-27413.998305054,대형마트,이마트
대형마트,08_25_01_P,이마트 미아점,202555.30089577,456503.066230481,대형마트,이마트
대형마트,08_25_01_P,신세계이마트미아점,202555.30089577,456503.066230481,대형마트,이마트
대형마트,08_25_01_P,홈플러스 월곡점,203502.004139568,455500.568972657,대형마트,홈플러스
대형마트,08_25_01_P,이마트 하월곡점,202667.468802014,455858.920803881,대형마트,이마트
대형마트,08_25_01_P,(주)이마트 동해점,387085.790410418,448958.829445114,대형마트,이마트
대형마트,08_25_01_P,(주)이마트 속초점,339761.153723826,522089.806016399,대형마트,이마트
대형마트,08_25_01_P,홈플러스(주)남대구점,341799.016824881,261012.250978533,대형마트,홈플러스
대형마트,08_25_01_P,(주)이마트경산점,355355.508106476,260760.335978186,대형마트,이마트
대형마트,08_25_01_P,홈플러스 경산점,356759.626317364,260575.764529063,대형마트,홈플러스
대형마트,08_25_01_P,홈플러스(주)경주점,400842.311928564,265950.991877537,대형마트,홈플러스
대형마트,08_25_01_P,(주)이마트 김천점,300454.619845122,293292.616281666,대형마트,이마트
대형마트,08_25_01_P,홈플러스(주) 순천점,247445.068249994,162608.714838679,대형마트,홈플러스
대형마트,08_25_01_P,(주)이마트 순천점,246400.830087538,160517.102712463,대형마트,이마트
대형마트,08_25_01_P,홈플러스(주)순천풍덕점,246427.675879142,160255.485969845,대형마트,홈플러스
대형마트,08_25_01_P,홈플러스 광양점,263409.919971471,159060.647898764,대형마트,홈플러스
대형마트,08_25_01_P,홈플러스(주) 목포점,144991.481278312,145423.716150726,대형마트,홈플러스
대형마트,08_25_01_P,롯데쇼핑(주)롯데마트맥스 목포점,147706.171172646,144446.120390505,대형마트,롯데마트
대형마트,08_25_01_P,(주)이마트목포점,147330.159338132,146042.70347835,대형마트,이마트
대형마트,08_25_01_P,롯데쇼핑(주) 롯데마트 나주점,173723.946573431,168292.405472667,대형마트,롯데마트
대형마트,08_25_01_P,롯데쇼핑(주) 롯데마트 여천점,259541.66563628,142254.373781411,대형마트,롯데마트
대형마트,08_25_01_P,(주)이마트 신제주점,151626.960526165,-1123.90701929614,대형마트,이마트
대형마트,08_25_01_P,이마트,155386.294321155,2511.37601255475,대형마트,이마트
대형마트,08_25_01_P,(주)이마트 제주점,155386.294321155,2511.37601255475,대형마트,이마트
대형마트,08_25_01_P,(주)신세계 이마트 신제주점,151626.960526165,-1123.90701929614,대형마트,이마트
대형마트,08_25_01_P,롯데쇼핑(주) 롯데마트제주점,151724.182129656,-1426.12446748641,대형마트,롯데마트
대형마트,08_25_01_P,홈플러스 신내점,208208.786684767,457054.793655589,대형마트,홈플러스
대형마트,08_25_01_P,주식회사 이마트 상봉점,208183.558935157,454911.24852306,대형마트,이마트
대형마트,08_25_01_P,주식회사 이마트 묵동점,206777.731391054,456837.219624564,대형마트,이마트
대형마트,08_25_01_P,홈플러스(주) 서울 상봉점,207923.745922676,455090.718335439,대형마트,홈플러스
대형마트,08_25_01_P,(주)이마트 왕십리점,203292.151783332,451267.730992123,대형마트,이마트
대형마트,08_25_01_P,(주)이마트 수색점,190977.850603548,453037.787995874,대형마트,이마트
대형마트,08_25_01_P,(주)이마트 은평점,192882.837727443,455340.54056388,대형마트,이마트
대형마트,08_25_01_P,(주)이마트 목동점,188551.299139509,447076.288051741,대형마트,이마트
대형마트,08_25_01_P,홈플러스(주) 영등포점,190729.506453391,446227.07504062,대형마트,홈플러스
대형마트,08_25_01_P,롯데쇼핑(주) 롯데마트 양평점,190352.321686588,447095.641206789,대형마트,롯데마트
대형마트,08_25_01_P,신세계 이마트 여의도점,193393.096553574,446218.443828439,대형마트,이마트
대형마트,08_25_01_P,(주)이마트 여의도점,193393.096553574,446218.443828439,대형마트,이마트
대형마트,08_25_01_P,(주)이마트원주점,281366.703634706,424684.582635502,대형마트,이마트
대형마트,08_25_01_P,롯데쇼핑(주)롯데마트 원주점,282120.73395865,427477.545400161,대형마트,롯데마트
대형마트,08_25_01_P,홈플러스 원주점,285677.402683418,424408.068770392,대형마트,홈플러스
대형마트,08_25_01_P,롯데쇼핑(주)롯데마트 월드컵점,188791.275961965,181590.099672513,대형마트,롯데마트
대형마트,08_25_01_P,홈플러스(주) 동광주점,193592.366836384,186709.260367801,대형마트,홈플러스
대형마트,08_25_01_P,홈플러스(주) 구미점,322735.286027559,290001.107358242,대형마트,홈플러스
대형마트,08_25_01_P,(주)이마트 동구미점,326413.552127775,290452.303117835,대형마트,이마트
대형마트,08_25_01_P,홈플러스 진주점,301729.02108352,188168.815314509,대형마트,홈플러스
대형마트,08_25_01_P,(주)이마트 양산점,384162.859309528,206040.977485389,대형마트,이마트
대형마트,08_25_01_P,롯데쇼핑(주) 롯데마트 웅상점,396764.399355907,214721.460538956,대형마트,롯데마트
대형마트,08_25_01_P,(주)이마트 진주점,298054.527527208,188573.551987221,대형마트,이마트
대형마트,08_25_01_P,(주)이마트  동인천점,167064.283437375,440556.281252162,대형마트,이마트
대형마트,08_25_01_P,롯데쇼핑(주)롯데마트 영종도점,154937.313906603,443507.416060983,대형마트,롯데마트
대형마트,08_25_01_P,홈플러스(주) 간석점,172419.743721009,440865.63488269,대형마트,홈플러스
대형마트,08_25_01_P,롯데쇼핑(주)롯데마트부평점,173767.426219215,444794.439991356,대형마트,롯데마트
대형마트,08_25_01_P,롯데쇼핑(주)롯데마트 삼산점,176238.624820895,445107.924835985,대형마트,롯데마트
대형마트,08_25_01_P,롯데쇼핑(주)롯데마트삼산점,176238.624820895,445107.924835985,대형마트,롯데마트
대형마트,08_25_01_P,롯데쇼핑(주)롯데마트 부평역점,175405.11373693,443089.591009306,대형마트,롯데마트
대형마트,08_25_01_P,롯데쇼핑(주)롯데마트 부평점,173767.426219215,444794.439991356,대형마트,롯데마트
대형마트,08_25_01_P,홈플러스(주) 인하점,169028.062637712,438450.444079289,대형마트,홈플러스
대형마트,08_25_01_P,롯데쇼핑(주)롯데마트부평역점,175405.11373693,443089.591009306,대형마트,롯데마트
대형마트,08_25_01_P,(주)이마트 부평점,175692.267024162,446088.959564706,대형마트,이마트
대형마트,08_25_01_P,(주) 이마트 광명소하점,189714.449800306,438279.937828733,대형마트,이마트
대형마트,08_25_01_P,(주)이마트 안산고잔점,183256.582373298,422372.55371816,대형마트,이마트
대형마트,08_25_01_P,홈플러스(주)안산선부점,183322.266879279,425768.716754194,대형마트,홈플러스
대형마트,08_25_01_P,홈플러스(주)안산고잔점,184766.070784522,423338.223688148,대형마트,홈플러스
대형마트,08_25_01_P,홈플러스(주) 킨텍스점,178006.080301401,462865.812502378,대형마트,홈플러스
대형마트,08_25_01_P,홈플러스(주) 고양터미널점,181369.967204096,460117.354561195,대형마트,홈플러스
대형마트,08_25_01_P,이마트 풍산점,181149.682181138,463521.801944649,대형마트,이마트
대형마트,08_25_01_P,(주)이마트 킨텍스 쇼핑센타,177349.707402843,462162.606173795,대형마트,이마트
대형마트,08_25_01_P,홈플러스(주) 일산점,179536.212704008,461876.531597015,대형마트,홈플러스
대형마트,08_25_01_P,롯데쇼핑(주) 롯데마트 고양점,185469.285638831,458105.907013269,대형마트,롯데마트
대형마트,08_25_01_P,홈플러스 주식회사 부천여월점,182455.521209906,445978.59662723,대형마트,홈플러스
대형마트,08_25_01_P,홈플러스(주) 부천소사점,183505.044366024,442533.953044508,대형마트,홈플러스
대형마트,08_25_01_P,롯데쇼핑(주) 롯데마트 주엽점,178348.883331191,463464.183725362,대형마트,롯데마트
대형마트,08_25_01_P,롯데쇼핑(주) 롯데마트 화정점,185024.681774615,458969.125315118,대형마트,롯데마트
대형마트,08_25_01_P,홈플러스(주)부천상동점,178267.428293028,444706.144749999,대형마트,홈플러스
대형마트,08_25_01_P,홈플러스테스코 일산점,179536.212704008,461876.531597015,대형마트,홈플러스
대형마트,08_25_01_P,홈플러스(주) 야탑점,211202.148849893,434560.911834998,대형마트,홈플러스
대형마트,08_25_01_P,(주)이마트분당점,210542.529800466,428535.664844133,대형마트,이마트
대형마트,08_25_01_P,롯데마트 판교점,209993.600292929,432609.081811328,대형마트,롯데마트
대형마트,08_25_01_P,홈플러스(주) 분당오리점,209409.160207927,426451.358939753,대형마트,홈플러스
대형마트,08_25_01_P,롯데쇼핑(주) 롯데마트 시흥점,181520.673307238,437898.181862031,대형마트,롯데마트
대형마트,08_25_01_P,롯데쇼핑(주) 롯데마트 시흥배곧점,176109.153092015,429698.791930655,대형마트,롯데마트
대형마트,08_25_01_P,홈플러스(주)시화점,175571.408649221,427063.061719326,대형마트,홈플러스
대형마트,08_25_01_P,롯데쇼핑(주) 롯데마트 시화점,176013.580530478,426137.322631345,대형마트,롯데마트
대형마트,08_25_01_P,롯데쇼핑(주)롯데마트 강변점,208394.416382167,448165.279999905,대형마트,롯데마트
대형마트,08_25_01_P,(주)이마트 자양점,206349.675048285,448396.939704285,대형마트,이마트
대형마트,08_25_01_P,홈플러스(주) 동대문점,203356.957362754,452469.300221465,대형마트,홈플러스
대형마트,08_25_01_P,홈플러스(주) 금천점,190809.507840375,440728.382273075,대형마트,홈플러스
대형마트,08_25_01_P,롯데쇼핑(주)롯데마트 청량리점,204081.282117393,453187.395154017,대형마트,롯데마트
대형마트,08_25_01_P,홈플러스(주) 강서점,187119.948165892,450691.593173724,대형마트,홈플러스
대형마트,08_25_01_P,홈플러스(주) 중계점,205985.953324881,459730.43776924,대형마트,홈플러스
대형마트,08_25_01_P,홈플러스(주) 가양점,186687.131804431,451342.773451086,대형마트,홈플러스
대형마트,08_25_01_P,롯데쇼핑(주)롯데마트서울역점,197242.994816102,450658.947895548,대형마트,롯데마트
대형마트,08_25_01_P,주식회사 이마트 청계천점,201823.908977364,452076.818664092,대형마트,이마트
대형마트,08_25_01_P,롯데쇼핑(주) 롯데마트 월드타워점,209074.900840074,445657.80932984,대형마트,롯데마트
대형마트,08_25_01_P,롯데쇼핑(주) 롯데마트 서초점,200440.010811975,443124.671418408,대형마트,롯데마트
대형마트,08_25_01_P,(주)이마트 양재점,203204.755637424,440136.781183797,대형마트,이마트
대형마트,08_25_01_P,홈플러스(주)잠실점,209039.148023482,446007.966801057,대형마트,홈플러스
대형마트,08_25_01_P,롯데쇼핑(주)롯데마트 제타플렉스 잠실점,208589.363343145,445455.90405262,대형마트,롯데마트
대형마트,08_25_01_P,롯데쇼핑(주)롯데마트 송파점,210343.699256005,443288.284974717,대형마트,롯데마트
대형마트,08_25_01_P,롯데쇼핑(주) 롯데마트 포항점,409480.142751731,283289.316547036,대형마트,롯데마트
대형마트,08_25_01_P,홈플러스(주)죽도점,413111.190838679,283750.326688713,대형마트,홈플러스
대형마트,08_25_01_P,홈플러스(주)포항점,411699.716488058,281700.620899084,대형마트,홈플러스
대형마트,08_25_01_P,홈플러스(주),184766.070784522,423338.223688148,대형마트,홈플러스
대형마트,08_25_01_P,롯데쇼핑(주)롯데마트맥스 상무점,186476.010874769,183702.292924632,대형마트,롯데마트
대형마트,08_25_01_P,신세계이마트상무점,186638.794934674,184073.933211657,대형마트,이마트
대형마트,08_25_01_P,(주)광주신세계이마트,189175.074193215,184413.56266082,대형마트,이마트
대형마트,08_25_01_P,(주)이마트 상주점,303160.698546531,325823.257676029,대형마트,이마트
대형마트,08_25_01_P,홈플러스 삼천포점,298587.268961901,160715.237733786,대형마트,홈플러스
대형마트,08_25_01_P,(주)이마트 사천점,298325.164351214,161845.029914848,대형마트,이마트
대형마트,08_25_01_P,홈플러스 주식회사 김포점,173328.23709684,457991.128265107,대형마트,홈플러스
대형마트,08_25_01_P,롯데쇼핑(주) 롯데마트 김포한강점,171471.604963288,459839.83969575,대형마트,롯데마트
대형마트,08_25_01_P,이마트 김포한강점,167119.660833957,460295.332269763,대형마트,이마트
대형마트,08_25_01_P,홈플러스(주) 김포풍무점,175533.126928566,456437.773530883,대형마트,홈플러스
대형마트,08_25_01_P,롯데쇼핑(주)롯데마트덕소점,218882.001813215,453620.325834171,대형마트,롯데마트
대형마트,08_25_01_P,(주) 이마트 경기광주점,223061.389182349,434193.70905707,대형마트,이마트
대형마트,08_25_01_P,롯데쇼핑(주)롯데마트 마석점,227234.544976879,460930.696005881,대형마트,롯데마트
대형마트,08_25_01_P,이마트 별내점,211047.543226491,460054.746656557,대형마트,이마트
대형마트,08_25_01_P,홈플러스 시흥점,191152.432649234,438865.160717275,대형마트,홈플러스
대형마트,08_25_01_P,홈플러스 서울남현점,198374.473281221,441033.513044892,대형마트,홈플러스
대형마트,08_25_01_P,홈플러스(주) 병점점,203188.196856075,411313.309756104,대형마트,홈플러스
대형마트,08_25_01_P,(주)이마트동탄점,207005.769592372,412503.434111401,대형마트,이마트
대형마트,08_25_01_P,홈플러스(주)화성동탄점,206007.25472163,411214.942059565,대형마트,홈플러스
대형마트,08_25_01_P,홈플러스(주) 화성향남점,192983.340400871,403222.825363217,대형마트,홈플러스
대형마트,08_25_01_P,(주)이마트 계양점,176674.935225112,447677.795056986,대형마트,이마트
대형마트,08_25_01_P,주식회사 이마트 광산점,182489.563842998,184569.695359578,대형마트,이마트
대형마트,08_25_01_P,롯데쇼핑(주) 롯데마트 수완점,183530.641093884,187845.528746071,대형마트,롯데마트
대형마트,08_25_01_P,삼성테스코(주) 홈플러스 계림점,192333.816487533,184703.518867664,대형마트,홈플러스
대형마트,08_25_01_P,홈플러스(주) 해운대점,395506.531175571,186442.190386792,대형마트,홈플러스
대형마트,08_25_01_P,홈플러스 센텀시티점,394314.881157365,187833.00164775,대형마트,홈플러스
대형마트,08_25_01_P,홈플러스(주) 부산반여점,392614.443269229,190638.920919108,대형마트,홈플러스
대형마트,08_25_01_P,홈플러스(주) 서면점,388095.097363087,185326.192499392,대형마트,홈플러스
대형마트,08_25_01_P,홈플러스(주) 밀양점,357864.797458156,222457.808113413,대형마트,홈플러스
대형마트,08_25_01_P,홈플러스거제점,347704.205856611,155893.001589544,대형마트,홈플러스
대형마트,08_25_01_P,이마트 연수점,171698.988312684,433623.667155133,대형마트,이마트
대형마트,08_25_01_P,홈플러스 인천연수점,171926.076708191,433811.136423145,대형마트,홈플러스
대형마트,08_25_01_P,롯데마트연수점,171173.885129435,434824.628551534,대형마트,롯데마트
대형마트,08_25_01_P,롯데쇼핑(주) 롯데마트 송도점,168348.646973511,431855.205739156,대형마트,롯데마트
대형마트,08_25_01_P,롯데쇼핑(주) 롯데마트 동두천점,204589.217640042,486451.318446758,대형마트,롯데마트
대형마트,08_25_01_P,이마트과천점,199209.021144538,436019.965418918,대형마트,이마트
대형마트,08_25_01_P,롯데쇼핑(주) 롯데마트 영통점,206280.421991805,416752.265654667,대형마트,롯데마트
대형마트,08_25_01_P,홈플러스(주) 동수원점,202602.629959972,417869.723857315,대형마트,홈플러스
대형마트,08_25_01_P,롯데쇼핑(주) 롯데마트 천천점,198351.916669296,421604.975940414,대형마트,롯데마트
대형마트,08_25_01_P,홈플러스(주) 북수원점,200709.882380059,422304.072402192,대형마트,홈플러스
대형마트,08_25_01_P,홈플러스(주) 영통점,206365.525651714,416652.30156114,대형마트,홈플러스
대형마트,08_25_01_P,(주)이마트 서수원점,197288.720762935,420051.3394073,대형마트,이마트
대형마트,08_25_01_P,(주)이마트 광교점,204159.790041271,421622.575799907,대형마트,이마트
대형마트,08_25_01_P,홈플러스(주) 원천점,205572.586871555,418683.704929064,대형마트,홈플러스
대형마트,08_25_01_P,홈플러스(주) 서수원점,195965.406968544,419154.489182672,대형마트,홈플러스
대형마트,08_25_01_P,롯데쇼핑(주) 롯데마트 광교점,204409.226022404,420967.617798492,대형마트,롯데마트
대형마트,08_25_01_P,이마트 세종점,222425.493016349,330046.389124869,대형마트,이마트
대형마트,08_25_01_P,롯데마트 검단점,170301.890390416,454745.482573844,대형마트,롯데마트
대형마트,08_25_01_P,홈플러스(주) 문경점,306449.794700085,343567.171140178,대형마트,홈플러스
대형마트,08_25_01_P,롯데쇼핑(주) 롯데마트 양덕점,344258.629103871,192909.719460689,대형마트,롯데마트
대형마트,08_25_01_P,(주) 이마트 검단점,171367.172682423,453724.353616205,대형마트,이마트
대형마트,08_25_01_P,홈플러스 가좌점,170813.26483128,443985.945396357,대형마트,홈플러스
대형마트,08_25_01_P,롯데쇼핑 (주) 롯데마트 청라점,168725.044916072,447687.557991574,대형마트,롯데마트
대형마트,08_25_01_P,롯데쇼핑(주)롯데마트안성점,217695.637116434,389592.895375219,대형마트,롯데마트
대형마트,08_25_01_P,(주)이마트 안성점,222711.793919182,390149.787207476,대형마트,이마트
대형마트,08_25_01_P,(주)이마트안성,222711.793919182,390149.787207476,대형마트,이마트
대형마트,08_25_01_P,(주)이마트 산본점,193861.874466854,428787.505318045,대형마트,이마트
대형마트,08_25_01_P,홈플러스(주) 청주성안점,243392.101658257,348454.159533439,대형마트,홈플러스
대형마트,08_25_01_P,홈플러스(주)청주점,239497.206513638,346120.918099259,대형마트,홈플러스
대형마트,08_25_01_P,홈플러스(주) 오창점,238188.127636011,356944.128244481,대형마트,홈플러스
대형마트,08_25_01_P,롯데쇼핑(주) 롯데마트상당점,246099.20063665,346706.33715352,대형마트,롯데마트
대형마트,08_25_01_P,홈플러스(주) 동청주점,244184.944567344,351834.595747257,대형마트,홈플러스
대형마트,08_25_01_P,롯데쇼핑(주)롯데마트 청주점,238567.758443885,347375.787333102,대형마트,롯데마트
대형마트,08_25_01_P,롯데쇼핑(주)롯데마트 익산점,197583.920751451,273199.222864609,대형마트,롯데마트
대형마트,08_25_01_P,(주)이마트 익산점,196136.263287508,270040.176346396,대형마트,이마트
대형마트,08_25_01_P,홈플러스(주) 익산점,197427.898529025,273180.627096081,대형마트,홈플러스
대형마트,08_25_01_P,홈플러스(주),306449.794700085,343567.171140178,대형마트,홈플러스
대형마트,08_25_01_P,이마트 봉선점,192271.788165678,180371.789080786,대형마트,이마트
대형마트,08_25_01_P,삼성테스코(주) 홈플러스 동대전점,239185.900858619,317088.412646934,대형마트,홈플러스
대형마트,08_25_01_P,홈플러스(주) 대전가오점,241064.767614979,311893.45796323,대형마트,홈플러스
대형마트,08_25_01_P,홈플러스(주)대전가오점,241064.767614979,311893.45796323,대형마트,홈플러스
대형마트,08_25_01_P,(주)이마트 대전터미널점,239122.638390937,316705.693668735,대형마트,이마트
대형마트,08_25_01_P,이마트 대전터미널점,239122.638390937,316705.693668735,대형마트,이마트
대형마트,08_25_01_P,홈플러스(주) 동대전점,239185.900858619,317088.412646934,대형마트,홈플러스
대형마트,08_25_01_P,(주) 이마트 문현점,388052.381944481,184747.385931209,대형마트,이마트
대형마트,08_25_01_P,홈플러스(주) 부산감만점,389751.844562041,182245.608330959,대형마트,홈플러스
대형마트,08_25_01_P,(주)이마트 금정점,390208.09260128,196546.356333373,대형마트,이마트
대형마트,08_25_01_P,홈플러스 진해점,354027.572779734,185091.047013466,대형마트,홈플러스
대형마트,08_25_01_P,(주)신세계이마트마산점,342886.064848583,189864.336045851,대형마트,이마트
대형마트,08_25_01_P,홈플러스 마산점,344300.256802514,192639.515073523,대형마트,홈플러스
대형마트,08_25_01_P,홈플러스 창원점,349554.531300316,193997.823602934,대형마트,홈플러스
대형마트,08_25_01_P,(주) 이마트 창원점,352870.655048828,193192.657445858,대형마트,이마트
대형마트,08_25_01_P,신세계 이마트 창원점,352870.655048828,193192.657445858,대형마트,이마트
대형마트,08_25_01_P,롯데쇼핑(주)롯데마트진해점,354711.697540492,185657.659582022,대형마트,롯데마트
대형마트,08_25_01_P,롯데쇼핑(주) 롯데마트 시티세븐점,350381.455011533,194669.203835745,대형마트,롯데마트
대형마트,08_25_01_P,(주)신세계마트 이마트 마산점,342886.064848583,189864.336045851,대형마트,이마트
대형마트,08_25_01_P,홈플러스(주) 울산점,411601.338446216,231915.243733168,대형마트,홈플러스
대형마트,08_25_01_P,홈플러스(주) 조치원점,226564.668968332,342839.206240872,대형마트,홈플러스
대형마트,08_25_01_P,홈플러스(주)방학점,203790.013568785,462495.417040876,대형마트,홈플러스
대형마트,08_25_01_P,(주)이마트천호점,211025.924972294,448495.189151526,대형마트,이마트
대형마트,08_25_01_P,홈플러스 강동점,212501.369116329,449282.31038379,대형마트,홈플러스
대형마트,08_25_01_P,(주)이마트 마포점,195808.904523588,448910.741283532,대형마트,이마트
대형마트,08_25_01_P,홈플러스 합정점,192311.642580307,449855.643910445,대형마트,홈플러스
대형마트,08_25_01_P,홈플러스(주) 신도림점,190005.132500398,445250.538868558,대형마트,홈플러스
대형마트,08_25_01_P,(주) 이마트 신도림점,190232.524534335,444978.682746138,대형마트,이마트
대형마트,08_25_01_P,(주)이마트 구로점,190901.977946718,442466.813410528,대형마트,이마트
대형마트,08_25_01_P,홈플러스스토어즈(주) 계산점,176616.682613356,448616.432509265,대형마트,홈플러스
대형마트,08_25_01_P,롯데쇼핑(주) 롯데마트 계양점,176599.816295302,448767.427225648,대형마트,롯데마트
대형마트,08_25_01_P,홈플러스(주) 작전점,175291.982296046,447141.041163927,대형마트,홈플러스
대형마트,08_25_01_P,홈플러스(주) 계산점,176616.682613356,448616.432509265,대형마트,홈플러스
대형마트,08_25_01_P,홈플러스 부산정관점,397835.275062345,204802.042928644,대형마트,홈플러스
대형마트,08_25_01_P,홈플러스(주) 동래점,389816.233000769,193329.605871168,대형마트,홈플러스
대형마트,08_25_01_P,롯데쇼핑(주) 롯데마트 동래점,389097.800933845,192260.811648263,대형마트,롯데마트
대형마트,08_25_01_P,홈플러스(주)장림점,380356.697150584,177733.129142587,대형마트,홈플러스
대형마트,08_25_01_P,롯데쇼핑(주) 롯데마트 사하점,379719.031458622,177973.843364907,대형마트,롯데마트
대형마트,08_25_01_P,롯데쇼핑(주)롯데마트 진장점,413714.69829242,233252.48521044,대형마트,롯데마트
대형마트,08_25_01_P,홈플러스테스코(주),412349.300490111,239222.450142668,대형마트,홈플러스
대형마트,08_25_01_P,홈플러스(주)울산북구점,412349.300490111,239222.450142668,대형마트,홈플러스
대형마트,08_25_01_P,홈플러스(주) 논산점,208765.139329138,298112.90198857,대형마트,홈플러스
대형마트,08_25_01_P,롯데쇼핑(주) 롯데마트 당진점,168374.445833845,378301.437167256,대형마트,롯데마트
대형마트,08_25_01_P,홈플러스(주) 천안신방점,210681.520347633,365092.813367026,대형마트,홈플러스
대형마트,08_25_01_P,롯데쇼핑(주)롯데마트서산점,149769.23191319,363714.668155441,대형마트,롯데마트
대형마트,08_25_01_P,(주)이마트 아산점,201878.423890349,363909.743136977,대형마트,이마트
대형마트,08_25_01_P,(주)이마트 제천점,308612.065962418,403106.413353613,대형마트,이마트
대형마트,08_25_01_P,롯데쇼핑(주) 롯데마트 제천점,306621.778539108,404931.341312042,대형마트,롯데마트
대형마트,08_25_01_P,롯데쇼핑(주)롯데마트충주점,281360.558407973,387072.883137435,대형마트,롯데마트
대형마트,08_25_01_P,(주) 이마트 충주점,282189.198577445,386015.218668088,대형마트,이마트
대형마트,08_25_01_P,(주)이마트 흥덕점,206434.251915465,419314.165365317,대형마트,이마트
대형마트,08_25_01_P,롯데쇼핑(주) 롯데마트 신갈점,209459.248962457,418917.232336063,대형마트,롯데마트
대형마트,08_25_01_P,롯데쇼핑(주) 롯데마트 오산점,206416.225089197,405292.957866229,대형마트,롯데마트
대형마트,08_25_01_P,(주)이마트 동백점,213383.977793755,419575.34117754,대형마트,이마트
대형마트,08_25_01_P,(주)이마트 수지점,207318.572861803,424204.581779995,대형마트,이마트
대형마트,08_25_01_P,홈플러스(주)파주문산점,181002.777532337,485203.012122524,대형마트,홈플러스
대형마트,08_25_01_P,(주)이마트 파주운정점,177453.945515036,467576.438594292,대형마트,이마트
대형마트,08_25_01_P,(주)이마트파주점,178030.82794167,471632.260930404,대형마트,이마트
대형마트,08_25_01_P,주)이마트평택점,206675.071220529,391060.040415712,대형마트,이마트
대형마트,08_25_01_P,롯데쇼핑(주) 롯데마트 평택점,209876.420133429,387425.098329575,대형마트,롯데마트
대형마트,08_25_01_P,홈플러스 송탄점,205228.393696342,393704.000108834,대형마트,홈플러스
대형마트,08_25_01_P,홈플러스 평택안중,192485.121561252,387625.950254015,대형마트,홈플러스
대형마트,08_25_01_P,롯데쇼핑(주) 롯데마트 이천점,240254.30365186,419284.62693122,대형마트,롯데마트
대형마트,08_25_01_P,(주)이마트 역삼점,204213.643236507,444113.028210915,대형마트,이마트
대형마트,08_25_01_P,홈플러스테스코(주)문화점,236541.282086201,313349.96682002,대형마트,홈플러스
대형마트,08_25_01_P,신세계이마트군산점,176003.990213014,275855.723670155,대형마트,이마트
대형마트,08_25_01_P,신세계 이마트 군산점,176003.990213014,275855.723670155,대형마트,이마트
대형마트,08_25_01_P,신세계 이마트 묵동점,206777.731391054,456837.219624564,대형마트,이마트
대형마트,08_25_01_P,(주)신세계 이마트 중동점,179059.890468202,444675.160533494,대형마트,이마트
대형마트,08_25_01_P,홈플러스 주식회사 부천소사점,183505.044366024,442533.953044508,대형마트,홈플러스
대형마트,08_25_01_P,이마트분당점,210542.529800466,428535.664844133,대형마트,이마트
대형마트,08_25_01_P,삼성테스코(주)홈플러스 북수원점,200709.882380059,422304.072402192,대형마트,홈플러스
대형마트,08_25_01_P,삼성테스코(주)홈플러스 영통점,206365.525651714,416652.30156114,대형마트,홈플러스
대형마트,08_25_01_P,(주)이마트수원점,201782.733115582,416501.699707548,대형마트,이마트
대형마트,08_25_01_P,롯데쇼핑 (주) 롯데마트 검단점,170301.890390416,454745.482573844,대형마트,롯데마트
대형마트,08_25_01_P,삼성테스코(주)홈플러스청주점,239497.206513638,346120.918099259,대형마트,홈플러스
대형마트,08_25_01_P,(주)이마트청주점,242399.096913115,344542.716935815,대형마트,이마트
대형마트,08_25_01_P,삼성테드크(주)홈플러스강동점,212501.369116329,449282.31038379,대형마트,홈플러스
대형마트,08_25_01_P,신세계이마트 구성점,209271.840918768,422612.412300721,대형마트,이마트
대형마트,08_25_01_P,(주)이마트 이천점,240622.258190291,421449.129399305,대형마트,이마트
대형마트,08_25_01_P,신세계 이마트 안동점,352071.498057006,341053.155066362,대형마트,이마트
대형마트,08_25_01_P,신세계이마트안동점,352071.498057006,341053.155066362,대형마트,이마트
대형마트,08_25_01_P,신세계이마트수지점,206997.559666667,424474.107666667,대형마트,이마트
대형마트,08_25_01_P,삼성테스코(주) 홈플러스 의정부점,206192.090833323,472186.18249487,대형마트,홈플러스
대형마트,08_25_01_P,롯데쇼핑(주)롯데마트 의왕점,197598.213989563,430907.769943711,대형마트,롯데마트
대형마트,08_25_01_P,롯데쇼핑(주) 롯데마트 양주점,204558.385732362,480550.606085097,대형마트,롯데마트
대형마트,08_25_01_P,홈플러스 영도점,386335.80960303,179336.483175733,대형마트,홈플러스
대형마트,08_25_01_P,신세계이마트 은평점,192882.837727443,455340.54056388,대형마트,이마트
대형마트,08_25_01_P,삼성홈플러스 동광주점,193592.366836384,186709.260367801,대형마트,홈플러스
대형마트,08_25_01_P,이마트부평점,175692.267024162,446088.959564706,대형마트,이마트
대형마트,08_25_01_P,삼성테스코(주)홈플러스 부천상동점,178267.428293028,444706.144749999,대형마트,홈플러스
대형마트,08_25_01_P,삼성테스코(주)홈플러스강서점,187119.948165892,450691.593173724,대형마트,홈플러스
대형마트,08_25_01_P,신세계 이마트 월계점,205391.070378059,458333.989216339,대형마트,이마트
대형마트,08_25_01_P,(주)신세계마트 이마트 송림점,169908.403027925,442376.726872044,대형마트,이마트
대형마트,08_25_01_P,삼성홈플러스 김포점,173328.23709684,457991.128265107,대형마트,홈플러스
대형마트,08_25_01_P,신세계 이마트 광산점,182489.563842998,184569.695359578,대형마트,이마트
대형마트,08_25_01_P,(주)신세계이마트 동광주점,192659.77458798,184961.882216707,대형마트,이마트
대형마트,08_25_01_P,이마트해운대점,397397.832766508,187354.835259297,대형마트,이마트
대형마트,08_25_01_P,삼성테스코(주)홈플러스서면점,386796.187014436,186648.134649002,대형마트,홈플러스
대형마트,08_25_01_P,이마트천호점,211025.924972294,448495.189151526,대형마트,이마트
대형마트,08_25_01_P,롯데마트 구로점,188669.484398215,444010.738380277,대형마트,롯데마트
대형마트,08_25_01_P,(주)신세계이마트구로점,190901.977946718,442466.813410528,대형마트,이마트
대형마트,08_25_01_P,(주)신세계 이마트 충주점,282189.198577445,386015.218668088,대형마트,이마트
대형마트,08_25_01_P,신세계이마트 수지점,207318.572861803,424204.581779995,대형마트,이마트
대형마트,08_25_01_P,(주)신세계마트 이마트 역삼점,204213.643236507,444113.028210915,대형마트,이마트
대형마트,08_25_01_P,신세계 이마트 여수점,265386.473014616,140174.042858943,대형마트,이마트
대형마트,08_25_01_P,삼성테스코(주)홈플러스 금천점,190809.507840375,440728.382273075,대형마트,홈플러스
대형마트,08_25_01_P,신세계 이마트 명일점,213700.877714971,450278.100930843,대형마트,이마트
